epoch,step,lr,train_loss,train_acc,val_loss,val_acc,epoch_time_s
1,390,0.00020051282051282052,5.047531076577994,0.03572716346153846,4.8024356590271,0.0615,90.72441387176514
2,780,0.0004005128205128205,4.599826727157984,0.08913261217948718,4.409902141571045,0.1115,86.2481803894043
3,1170,0.0006005128205128205,4.3240195335486,0.12920673076923078,4.254662763977051,0.1395,86.4609751701355
4,1560,0.0008005128205128205,4.196508182623448,0.15175280448717948,4.116238469314575,0.1587,90.28289318084717
5,1950,0.001,4.105440551806719,0.16770833333333332,4.114967491149902,0.1599,88.03647375106812
6,2340,0.0009987820251299122,4.000760270999028,0.18627804487179486,3.9668666244506836,0.1929,89.28976106643677
7,2730,0.0009951340343707852,3.8788127770790686,0.2127804487179487,3.8253876441955565,0.2261,87.6890287399292
8,3120,0.0009890738003669028,3.749581105281145,0.23637820512820512,3.7334450603485108,0.2396,87.1394898891449
9,3510,0.0009806308479691594,3.6346221929941422,0.2624198717948718,3.6184227294921874,0.2628,89.33842658996582
10,3900,0.0009698463103929542,3.5273520261813434,0.28237179487179487,3.6369733226776124,0.2682,90.47197651863098
11,4290,0.0009567727288213005,3.418718767166138,0.30799278846153844,3.507677473068237,0.292,90.62858748435974
12,4680,0.0009414737964294635,3.321054377922645,0.3287960737179487,3.385702638244629,0.3199,91.39154124259949
13,5070,0.0009240240480782129,3.2282964278490116,0.34953926282051284,3.4245653575897217,0.3103,91.683767080307
14,5460,0.0009045084971874737,3.1305875246341412,0.37194511217948717,3.3771522716522218,0.3274,91.7524254322052
15,5850,0.000883022221559489,3.033306739269159,0.3951822916666667,3.30067825012207,0.3414,91.23487830162048
16,6240,0.0008596699001693256,2.9465798090665767,0.41350160256410257,3.279355020904541,0.3518,92.74356365203857
17,6630,0.0008345653031794292,2.85416518113552,0.4382111378205128,3.273891251754761,0.3563,92.37005949020386
18,7020,0.0008078307376628291,2.7620422461094,0.4612079326923077,3.225157258605957,0.3702,91.27963900566101
19,7410,0.0007795964517353734,2.6709266998828984,0.48341346153846154,3.2541752632141114,0.3641,91.40381455421448
20,7800,0.00075,2.5803932000429204,0.5068209134615385,3.292842356109619,0.3617,93.56880474090576
21,8190,0.0007191855733945387,2.4939526496789393,0.5280649038461539,3.2659339530944824,0.3735,93.01206517219543
22,8580,0.0006873032967079561,2.4074674074466413,0.5546274038461538,3.247573160171509,0.3776,93.1170084476471
23,8970,0.0006545084971874737,2.3147721712405867,0.5803185096153847,3.2836933700561524,0.3764,92.54941773414612
24,9360,0.0006209609477998338,2.2329192818739476,0.6044871794871794,3.2586612644195556,0.3858,91.49901461601257
25,9750,0.0005868240888334653,2.156281559283917,0.6271033653846154,3.319608856201172,0.3842,93.40353727340698
26,10140,0.0005522642316338268,2.0745250399296102,0.6529847756410256,3.3787587326049806,0.3726,91.8648521900177
27,10530,0.0005174497483512506,1.9974080966069148,0.6776041666666667,3.3733692516326905,0.3844,92.42192554473877
28,10920,0.0004825502516487497,1.930124415189792,0.6997896634615385,3.415202723693848,0.3815,91.88243675231934
29,11310,0.00044773576836617336,1.8596279624180916,0.7233072916666666,3.4533539260864257,0.3796,91.52964854240417
30,11700,0.00041317591116653486,1.8006920288770627,0.7443609775641026,3.4389464462280275,0.3844,89.98246192932129
31,12090,0.0003790390522001662,1.7377926047031695,0.7662860576923077,3.459341788482666,0.3835,90.77582049369812
32,12480,0.00034549150281252633,1.6935291739610525,0.7805488782051282,3.4841576587677,0.3872,89.92123818397522
33,12870,0.00031269670329204396,1.646955286233853,0.7969951923076923,3.4871907737731935,0.3833,89.75741815567017
34,13260,0.00028081442660546124,1.5956094399476664,0.815975560897436,3.502912487411499,0.3856,90.29856896400452
35,13650,0.0002500000000000001,1.5593819447052784,0.829316907051282,3.532863047027588,0.3815,89.58857345581055
36,14040,0.00022040354826462666,1.5187828968732784,0.8434094551282051,3.5152259506225585,0.3812,90.2029037475586
37,14430,0.00019216926233717085,1.4870387309636826,0.8537259615384616,3.5442764530181883,0.3818,90.21896433830261
38,14820,0.00016543469682057105,1.4561149123387458,0.8642327724358975,3.538339621734619,0.3884,90.98964834213257
39,15210,0.00014033009983067452,1.4315156670717093,0.8734975961538461,3.5244944541931154,0.3929,89.6683886051178
40,15600,0.00011697777844051105,1.4069913072463793,0.8827924679487179,3.5310480518341065,0.3893,91.7294352054596
41,15990,9.549150281252633e-05,1.3837507324341016,0.8896634615384615,3.524068281555176,0.3892,91.95760440826416
42,16380,7.597595192178702e-05,1.3660224550809617,0.8959234775641025,3.5366776351928713,0.3897,90.72836089134216
43,16770,5.852620357053651e-05,1.352592783402174,0.9000801282051282,3.5345999099731444,0.3901,90.42854380607605
44,17160,4.322727117869951e-05,1.3381400435398787,0.9066005608974359,3.5374291229248045,0.39,90.17686486244202
45,17550,3.0153689607045842e-05,1.3278918972382179,0.9085536858974359,3.5358399253845216,0.3903,90.31494736671448
46,17940,1.9369152030840554e-05,1.316429668206435,0.9127804487179487,3.5361224815368653,0.3904,90.29463315010071
47,18330,1.0926199633097156e-05,1.3127478477282402,0.9141526442307693,3.538529581451416,0.3899,89.31886219978333
48,18720,4.865965629214819e-06,1.3066233882537255,0.9168870192307692,3.5414200927734374,0.3891,89.75034976005554
49,19110,1.2179748700879012e-06,1.3087759785163098,0.9157552083333333,3.5366960205078124,0.39,88.3152768611908
50,19500,0.0,1.3056684283109812,0.9164262820512821,3.537073891067505,0.3899,89.13857007026672
